type,region,name,population,date
Республика Беларусь,Республика Беларусь,Республика Беларусь,9465150,2012
область,Брестская область,Брестская область,1391476,2012
район,Брестская область,Барановичский район,40193,2012
городской поселок,Брестская область,Городище,2153,2012
район,Брестская область,Березовский район,65483,2012
город,Брестская область,Береза,29335,2012
город,Брестская область,Белоозерск,12508,2012
район,Брестская область,Брестский район,39532,2012
городской поселок,Брестская область,Домачево,1250,2012
район,Брестская область,Ганцевичский район,29820,2012
город,Брестская область,Ганцевичи,13861,2012
район,Брестская область,Дрогичинский район,40608,2012
город,Брестская область,Дрогичин,14618,2012
городской поселок,Брестская область,Антополь,1558,2012
район,Брестская область,Жабинковский район,24843,2012
город,Брестская область,Жабинка,13272,2012
район,Брестская область,Ивановский район,41977,2012
город,Брестская область,Иваново,16381,2012
район,Брестская область,Ивацевичский район,57669,2012
город,Брестская область,Ивацевичи,23269,2012
город,Брестская область,Коссово,1984,2012
городской поселок,Брестская область,Телеханы,4094,2012
район,Брестская область,Каменецкий район,37606,2012
город,Брестская область,Каменец,8432,2012
город,Брестская область,Высокое,5325,2012
район,Брестская область,Кобринский район,86639,2012
город,Брестская область,Кобрин,51687,2012
район,Брестская область,Лунинецкий район,71039,2012
город,Брестская область,Лунинец,23949,2012
город,Брестская область,Микашевичи,12932,2012
район,Брестская область,Ляховичский район,28688,2012
город,Брестская область,Ляховичи,10900,2012
район,Брестская область,Малоритский район,25084,2012
город,Брестская область,Малорита,11713,2012
район,Брестская область,Пинский район,49298,2012
городской поселок,Брестская область,Логишин,2167,2012
район,Брестская область,Пружанский район,50349,2012
город,Брестская область,Пружаны,18796,2012
городской поселок,Брестская область,Ружаны,3082,2012
городской поселок,Брестская область,Шерешево,1831,2012
район,Брестская область,Столинский район,77657,2012
город,Брестская область,Столин,12353,2012
город,Брестская область,Давид-Городок,6318,2012
рабочий поселок,Брестская область,Речица,6243,2012
город,Брестская область,Брест,320920,2012
город,Брестская область,Барановичи,169841,2012
город,Брестская область,Пинск,134230,2012
область,Витебская область,Витебская область,1214041,2012
район,Витебская область,Бешенковичский район,17113,2012
городской поселок,Витебская область,Бешенковичи,6902,2012
район,Витебская область,Браславский район,27945,2012
город,Витебская область,Браслав,9540,2012
городской поселок,Витебская область,Видзы,1832,2012
район,Витебская область,Верхнедвинский район,23389,2012
город,Витебская область,Верхнедвинск,7236,2012
городской поселок,Витебская область,Освея,1248,2012
район,Витебская область,Витебский район,38340,2012
городской поселок,Витебская область,Сураж,948,2012
городской поселок,Витебская область,Яновичи,845,2012
район,Витебская область,Глубокский район,39372,2012
город,Витебская область,Глубокое,18481,2012
городской поселок,Витебская область,Подсвилье,2152,2012
район,Витебская область,Городокский район,24882,2012
город,Витебская область,Городок,12436,2012
городской поселок,Витебская область,Езерище,1429,2012
район,Витебская область,Докшицкий район,25319,2012
город,Витебская область,Докшицы,6709,2012
городской поселок,Витебская область,Бегомль,2680,2012
район,Витебская область,Дубровенский район,15868,2012
город,Витебская область,Дубровно,7589,2012
район,Витебская область,Лепельский район,34258,2012
город,Витебская область,Лепель,17543,2012
район,Витебская область,Лиозненский район,16765,2012
городской поселок,Витебская область,Лиозно,6688,2012
район,Витебская область,Миорский район,22420,2012
город,Витебская область,Миоры,8086,2012
город,Витебская область,Дисна,1724,2012
район,Витебская область,Оршанский район,28830,2012
городской поселок,Витебская область,Копысь,858,2012
городской поселок,Витебская область,Ореховск,2577,2012
район,Витебская область,Полоцкий район,25048,2012
городской поселок,Витебская область,Ветрино,2482,2012
район,Витебская область,Поставский район,37970,2012
город,Витебская область,Поставы,19900,2012
городской поселок,Витебская область,Воропаево,2742,2012
городской поселок,Витебская область,Лынтупы,1556,2012
район,Витебская область,Россонский район,10530,2012
городской поселок,Витебская область,Россоны,5244,2012
район,Витебская область,Сенненский район,24210,2012
город,Витебская область,Сенно,7656,2012
городской поселок,Витебская область,Богушевск,2861,2012
район,Витебская область,Толочинский район,27200,2012
город,Витебская область,Толочин,9963,2012
городской поселок,Витебская область,Коханово,4301,2012
район,Витебская область,Ушачский район,14855,2012
городской поселок,Витебская область,Ушачи,5979,2012
район,Витебская область,Чашникский район,33228,2012
город,Витебская область,Чашники,9083,2012
город,Витебская область,Новолукомль,13303,2012
район,Витебская область,Шарковщинский район,17155,2012
городской поселок,Витебская область,Шарковщина,6659,2012
район,Витебская область,Шумилинский район,19347,2012
городской поселок,Витебская область,Шумилино,7315,2012
городской поселок,Витебская область,Оболь,2474,2012
город,Витебская область,Витебск,366948,2012
городской поселок,Витебская область,Руба,7404,2012
город,Витебская область,Новополоцк,100276,2012
городской поселок,Витебская область,Боровуха,5323,2012
область,Гомельская область,Гомельская область,1429707,2012
район,Гомельская область,Брагинский район,13412,2012
городской поселок,Гомельская область,Брагин,3941,2012
городской поселок,Гомельская область,Комарин,1957,2012
район,Гомельская область,Буда-Кошелевский,33398,2012
город,Гомельская область,Буда-Кошелево,8608,2012
городской поселок,Гомельская область,Уваровичи,2384,2012
район,Гомельская область,Ветковский район,18359,2012
город,Гомельская область,Ветка,8078,2012
район,Гомельская область,Гомельский район,68096,2012
рабочий поселок,Гомельская область,Большевик,2480,2012
район,Гомельская область,Добрушский район,38841,2012
город,Гомельская область,Добруш,18214,2012
городской поселок,Гомельская область,Тереховка,3344,2012
район,Гомельская область,Ельский район,16816,2012
город,Гомельская область,Ельск,9414,2012
район,Гомельская область,Житковичский район,39071,2012
город,Гомельская область,Житковичи,15800,2012
город,Гомельская область,Туров,2821,2012
район,Гомельская область,Жлобинский район,102895,2012
город,Гомельская область,Жлобин,75292,2012
городской поселок,Гомельская область,Стрешин,1229,2012
район,Гомельская область,Калинковичский район,62412,2012
город,Гомельская область,Калинковичи,38884,2012
городской поселок,Гомельская область,Озаричи,1276,2012
район,Гомельская область,Кормянский район,14735,2012
городской поселок,Гомельская область,Корма,7544,2012
район,Гомельская область,Лельчицкий район,26381,2012
городской поселок,Гомельская область,Лельчицы,10809,2012
район,Гомельская область,Лоевский район,13399,2012
городской поселок,Гомельская область,Лоев,6820,2012
район,Гомельская область,Мозырский район,129915,2012
город,Гомельская область,Мозырь,110540,2012
район,Гомельская область,Наровлянский район,11082,2012
город,Гомельская область,Наровля,8017,2012
район,Гомельская область,Октябрьский район,15178,2012
городской поселок,Гомельская область,Октябрьский,7131,2012
район,Гомельская область,Петриковский район,31556,2012
город,Гомельская область,Петриков,10405,2012
городской поселок,Гомельская область,Копаткевичи,3118,2012
район,Гомельская область,Речицкий район,102410,2012
город,Гомельская область,Речица,65091,2012
город,Гомельская область,Василевичи,3701,2012
городской поселок,Гомельская область,Заречье,2334,2012
район,Гомельская область,Рогачевский район,59699,2012
город,Гомельская область,Рогачев,34140,2012
рабочий поселок,Гомельская область,Белицк,0,2012
район,Гомельская область,Светлогорский район,87877,2012
город,Гомельская область,Светлогорск,69210,2012
городской поселок,Гомельская область,Паричи,1973,2012
рабочий поселок,Гомельская область,Сосновый Бор,2292,2012
район,Гомельская область,Хойникский район,21221,2012
город,Гомельская область,Хойники,13578,2012
район,Гомельская область,Чечерский район,15265,2012
город,Гомельская область,Чечерск,8063,2012
город,Гомельская область,Гомель,507689,2012
рабочий поселок,Гомельская область,Костюковка,9614,2012
область,Гродненская область,Гродненская область,1061248,2012
район,Гродненская область,Берестовицкий район,16791,2012
городской поселок,Гродненская область,Большая Берестовица,5600,2012
район,Гродненская область,Волковысский район,72975,2012
город,Гродненская область,Волковыск,43886,2012
городской поселок,Гродненская область,Красносельский,6974,2012
городской поселок,Гродненская область,Россь,4924,2012
район,Гродненская область,Вороновский район,28462,2012
городской поселок,Гродненская область,Вороново,6059,2012
городской поселок,Гродненская область,Радунь,2513,2012
район,Гродненская область,Гродненский район,51254,2012
город,Гродненская область,Скидель,10574,2012
городской поселок,Гродненская область,Сопоцкин,1132,2012
район,Гродненская область,Дятловский район,27641,2012
город,Гродненская область,Дятлово,7585,2012
городской поселок,Гродненская область,Козловщина,1787,2012
городской поселок,Гродненская область,Новоельня,2876,2012
район,Гродненская область,Зельвенский район,17565,2012
городской поселок,Гродненская область,Зельва,7179,2012
район,Гродненская область,Ивьевский район,26649,2012
город,Гродненская область,Ивье,7928,2012
городской поселок,Гродненская область,Юратишки,1431,2012
район,Гродненская область,Кореличский район,22597,2012
городской поселок,Гродненская область,Кореличи,6701,2012
городской поселок,Гродненская область,Мир,2347,2012
район,Гродненская область,Лидский район,133295,2012
город,Гродненская область,Лида,98744,2012
город,Гродненская область,Березовка,10643,2012
район,Гродненская область,Мостовский район,31185,2012
город,Гродненская область,Мосты,15736,2012
район,Гродненская область,Новогрудский район,47727,2012
город,Гродненская область,Новогрудок,29324,2012
городской поселок,Гродненская область,Любча,1119,2012
район,Гродненская область,Островецкий район,24111,2012
город,Гродненская область,Островец,8547,2012
район,Гродненская область,Ошмянский район,31872,2012
город,Гродненская область,Ошмяны,15450,2012
район,Гродненская область,Свислочский район,17988,2012
город,Гродненская область,Свислочь,6720,2012
городской поселок,Гродненская область,Порозово,1024,2012
район,Гродненская область,Слонимский район,66123,2012
город,Гродненская область,Слоним,48795,2012
район,Гродненская область,Сморгонский район,54081,2012
город,Гродненская область,Сморгонь,36707,2012
район,Гродненская область,Щучинский район,44331,2012
город,Гродненская область,Щучин,15075,2012
городской поселок,Гродненская область,Желудок,1177,2012
городской поселок,Гродненская область,Острино,1884,2012
город,Гродненская область,Гродно,346601,2012
город,Минск,Минск,1885067,2012
область,Минская область,Минская область,1403491,2012
район,Минская область,Березинский район,23956,2012
город,Минская область,Березино,11943,2012
район,Минская область,Борисовский район,185257,2012
город,Минская область,Борисов,145879,2012
район,Минская область,Вилейский район,50248,2012
город,Минская область,Вилейка,26797,2012
район,Минская область,Воложинский район,35695,2012
город,Минская область,Воложин,10482,2012
городской поселок,Минская область,Ивенец,4289,2012
район,Минская область,Дзержинский район,61479,2012
город,Минская область,Дзержинск,25670,2012
город,Минская область,Фаниполь,13116,2012
район,Минская область,Клецкий район,30618,2012
город,Минская область,Клецк,10859,2012
район,Минская область,Копыльский район,31012,2012
город,Минская область,Копыль,9882,2012
район,Минская область,Крупский район,25014,2012
город,Минская область,Крупки,8604,2012
городской поселок,Минская область,Бобр,1009,2012
городской поселок,Минская область,Холопеничи,1429,2012
район,Минская область,Логойский район,35247,2012
город,Минская область,Логойск,11549,2012
городской поселок,Минская область,Плещеницы,5889,2012
район,Минская область,Любанский район,33856,2012
город,Минская область,Любань,11132,2012
городской поселок,Минская область,Уречье,3099,2012
район,Минская область,Минский район,168053,2012
город,Минская область,Заславль,14374,2012
городской поселок,Минская область,Мачулищи,7573,2012
район,Минская область,Молодечненский район,136363,2012
город,Минская область,Молодечно,93736,2012
городской поселок,Минская область,Радошковичи,5626,2012
район,Минская область,Мядельский район,28092,2012
город,Минская область,Мядель,6900,2012
городской поселок,Минская область,Кривичи,1250,2012
кп,Минская область,Нарочь,2835,2012
городской поселок,Минская область,Свирь,987,2012
район,Минская область,Несвижский район,40236,2012
город,Минская область,Несвиж,14434,2012
городской поселок,Минская область,Городея,3956,2012
район,Минская область,Пуховичский район,67366,2012
город,Минская область,Марьина Горка,21233,2012
рабочий поселок,Минская область,Правдинский,2318,2012
городской поселок,Минская область,Руденск,2747,2012
городской поселок,Минская область,Свислочь,3958,2012
район,Минская область,Слуцкий район,93196,2012
город,Минская область,Слуцк,61436,2012
район,Минская область,Смолевичский район,42827,2012
город,Минская область,Смолевичи,15332,2012
рабочий поселок,Минская область,Зеленый Бор,1090,2012
район,Минская область,Солигорский район,135094,2012
город,Минская область,Солигорск,103961,2012
городской поселок,Минская область,Красная Слобода,4170,2012
городской поселок,Минская область,Старобин,5692,2012
район,Минская область,Стародорожский район,21099,2012
город,Минская область,Старые Дороги,10876,2012
район,Минская область,Столбцовский район,40816,2012
город,Минская область,Столбцы,16033,2012
район,Минская область,Узденский район,23114,2012
город,Минская область,Узда,9828,2012
район,Минская область,Червенский район,32421,2012
город,Минская область,Червень,9886,2012
городской поселок,Минская область,Смиловичи,4729,2012
город,Минская область,Жодино,62432,2012
область,Могилевская область,Могилевская область,1080120,2012
район,Могилевская область,Белыничский район,20871,2012
городской поселок,Могилевская область,Белыничи,10639,2012
район,Могилевская область,Бобруйский район,18964,2012
рабочий поселок,Могилевская область,Глуша,1280,2012
район,Могилевская область,Быховский район,33196,2012
город,Могилевская область,Быхов,16890,2012
район,Могилевская область,Глусский район,15440,2012
городской поселок,Могилевская область,Глуск,7259,2012
район,Могилевская область,Горецкий район,44835,2012
город,Могилевская область,Горки,30926,2012
район,Могилевская область,Дрибинский район,11372,2012
городской поселок,Могилевская область,Дрибин,3191,2012
район,Могилевская область,Кировский район,21155,2012
город,Могилевская область,Кировск,8725,2012
район,Могилевская область,Климовичский район,27107,2012
город,Могилевская область,Климовичи,16508,2012
район,Могилевская область,Кличевский район,16176,2012
город,Могилевская область,Кличев,7333,2012
район,Могилевская область,Костюковичский район,25314,2012
город,Могилевская область,Костюковичи,15875,2012
район,Могилевская область,Краснопольский район,10607,2012
городской поселок,Могилевская область,Краснополье,5941,2012
район,Могилевская область,Кричевский район,33924,2012
город,Могилевская область,Кричев,26609,2012
район,Могилевская область,Круглянский район,15168,2012
городской поселок,Могилевская область,Круглое,7552,2012
район,Могилевская область,Могилевский район,41099,2012
район,Могилевская область,Мстиславский район,23663,2012
город,Могилевская область,Мстиславль,10644,2012
район,Могилевская область,Осиповичский район,50407,2012
город,Могилевская область,Осиповичи,31699,2012
рабочий поселок,Могилевская область,Елизово,2621,2012
рабочий поселок,Могилевская область,Татарка,750,2012
район,Могилевская область,Славгородский район,14264,2012
город,Могилевская область,Славгород,7822,2012
район,Могилевская область,Хотимский район,12253,2012
городской поселок,Могилевская область,Хотимск,6814,2012
район,Могилевская область,Чаусский район,20291,2012
город,Могилевская область,Чаусы,10741,2012
район,Могилевская область,Чериковский район,14427,2012
город,Могилевская область,Чериков,8238,2012
район,Могилевская область,Шкловский район,29702,2012
город,Могилевская область,Шклов,16288,2012
город,Могилевская область,Могилев,363363,2012
город,Могилевская область,Бобруйск,216522,2012
Республика Беларусь,Республика Беларусь,Республика Беларусь,9463840,2013
область,Брестская область,Брестская область,1390364,2013
район,Брестская область,Барановичский район,39631,2013
городской поселок,Брестская область,Городище,2116,2013
район,Брестская область,Березовский район,64933,2013
город,Брестская область,Береза,29328,2013
город,Брестская область,Белоозерск,12462,2013
район,Брестская область,Брестский район,39574,2013
городской поселок,Брестская область,Домачево,1252,2013
район,Брестская область,Ганцевичский район,29342,2013
город,Брестская область,Ганцевичи,13897,2013
район,Брестская область,Дрогичинский район,39790,2013
город,Брестская область,Дрогичин,14651,2013
городской поселок,Брестская область,Антополь,1518,2013
район,Брестская область,Жабинковский район,24651,2013
город,Брестская область,Жабинка,13201,2013
район,Брестская область,Ивановский район,41241,2013
город,Брестская область,Иваново,16456,2013
район,Брестская область,Ивацевичский район,56951,2013
город,Брестская область,Ивацевичи,23278,2013
город,Брестская область,Коссово,1970,2013
городской поселок,Брестская область,Телеханы,4054,2013
район,Брестская область,Каменецкий район,37020,2013
город,Брестская область,Каменец,8418,2013
город,Брестская область,Высокое,5276,2013
район,Брестская область,Кобринский район,86270,2013
город,Брестская область,Кобрин,52001,2013
район,Брестская область,Лунинецкий район,70229,2013
город,Брестская область,Лунинец,24095,2013
город,Брестская область,Микашевичи,12896,2013
район,Брестская область,Ляховичский район,28108,2013
город,Брестская область,Ляховичи,11007,2013
район,Брестская область,Малоритский район,24853,2013
город,Брестская область,Малорита,11727,2013
район,Брестская область,Пинский район,48437,2013
городской поселок,Брестская область,Логишин,2115,2013
район,Брестская область,Пружанский район,49942,2013
город,Брестская область,Пружаны,18884,2013
городской поселок,Брестская область,Ружаны,3048,2013
городской поселок,Брестская область,Шерешево,1838,2013
район,Брестская область,Столинский район,76660,2013
город,Брестская область,Столин,12439,2013
город,Брестская область,Давид-Городок,6226,2013
рабочий поселок,Брестская область,Речица,6184,2013
город,Брестская область,Брест,326428,2013
город,Брестская область,Барановичи,170685,2013
город,Брестская область,Пинск,135619,2013
область,Витебская область,Витебская область,1208018,2013
район,Витебская область,Бешенковичский район,16777,2013
городской поселок,Витебская область,Бешенковичи,6863,2013
район,Витебская область,Браславский район,27576,2013
город,Витебская область,Браслав,9593,2013
городской поселок,Витебская область,Видзы,1721,2013
район,Витебская область,Верхнедвинский район,22953,2013
город,Витебская область,Верхнедвинск,7254,2013
городской поселок,Витебская область,Освея,1217,2013
район,Витебская область,Витебский район,37813,2013
городской поселок,Витебская область,Сураж,910,2013
городской поселок,Витебская область,Яновичи,822,2013
район,Витебская область,Глубокский район,38894,2013
город,Витебская область,Глубокое,18534,2013
городской поселок,Витебская область,Подсвилье,2111,2013
район,Витебская область,Городокский район,24238,2013
город,Витебская область,Городок,12058,2013
городской поселок,Витебская область,Езерище,1386,2013
район,Витебская область,Докшицкий район,24850,2013
город,Витебская область,Докшицы,6783,2013
городской поселок,Витебская область,Бегомль,2656,2013
район,Витебская область,Дубровенский район,15665,2013
город,Витебская область,Дубровно,7586,2013
район,Витебская область,Лепельский район,33936,2013
город,Витебская область,Лепель,17577,2013
район,Витебская область,Лиозненский район,16440,2013
городской поселок,Витебская область,Лиозно,6668,2013
район,Витебская область,Миорский район,21997,2013
город,Витебская область,Миоры,8094,2013
город,Витебская область,Дисна,1683,2013
район,Витебская область,Оршанский район,27995,2013
городской поселок,Витебская область,Копысь,837,2013
городской поселок,Витебская область,Ореховск,2508,2013
район,Витебская область,Полоцкий район,24454,2013
городской поселок,Витебская область,Ветрино,2405,2013
район,Витебская область,Поставский район,37546,2013
город,Витебская область,Поставы,19897,2013
городской поселок,Витебская область,Воропаево,2710,2013
городской поселок,Витебская область,Лынтупы,1558,2013
район,Витебская область,Россонский район,10196,2013
городской поселок,Витебская область,Россоны,5163,2013
район,Витебская область,Сенненский район,23749,2013
город,Витебская область,Сенно,7601,2013
городской поселок,Витебская область,Богушевск,2785,2013
район,Витебская область,Толочинский район,26707,2013
город,Витебская область,Толочин,9894,2013
городской поселок,Витебская область,Коханово,4285,2013
район,Витебская область,Ушачский район,14580,2013
городской поселок,Витебская область,Ушачи,6047,2013
район,Витебская область,Чашникский район,32736,2013
город,Витебская область,Чашники,9009,2013
город,Витебская область,Новолукомль,13141,2013
район,Витебская область,Шарковщинский район,16764,2013
городской поселок,Витебская область,Шарковщина,6681,2013
район,Витебская область,Шумилинский район,19108,2013
городской поселок,Витебская область,Шумилино,7300,2013
городской поселок,Витебская область,Оболь,2449,2013
город,Витебская область,Витебск,369392,2013
городской поселок,Витебская область,Руба,7519,2013
город,Витебская область,Новополоцк,101307,2013
городской поселок,Витебская область,Боровуха,5306,2013
область,Гомельская область,Гомельская область,1427638,2013
район,Гомельская область,Брагинский район,13119,2013
городской поселок,Гомельская область,Брагин,3932,2013
городской поселок,Гомельская область,Комарин,1907,2013
район,Гомельская область,Буда-Кошелевский,32521,2013
город,Гомельская область,Буда-Кошелево,8539,2013
городской поселок,Гомельская область,Уваровичи,2360,2013
район,Гомельская область,Ветковский район,18109,2013
город,Гомельская область,Ветка,8138,2013
район,Гомельская область,Гомельский район,67590,2013
рабочий поселок,Гомельская область,Большевик,2493,2013
район,Гомельская область,Добрушский район,38094,2013
город,Гомельская область,Добруш,18183,2013
городской поселок,Гомельская область,Тереховка,3248,2013
район,Гомельская область,Ельский район,16531,2013
город,Гомельская область,Ельск,9369,2013
район,Гомельская область,Житковичский район,38345,2013
город,Гомельская область,Житковичи,15828,2013
город,Гомельская область,Туров,2798,2013
район,Гомельская область,Жлобинский район,102549,2013
город,Гомельская область,Жлобин,75377,2013
городской поселок,Гомельская область,Стрешин,1230,2013
район,Гомельская область,Калинковичский район,61876,2013
город,Гомельская область,Калинковичи,39220,2013
городской поселок,Гомельская область,Озаричи,1253,2013
район,Гомельская область,Кормянский район,14440,2013
городской поселок,Гомельская область,Корма,7528,2013
район,Гомельская область,Лельчицкий район,25850,2013
городской поселок,Гомельская область,Лельчицы,10804,2013
район,Гомельская область,Лоевский район,13037,2013
городской поселок,Гомельская область,Лоев,6717,2013
район,Гомельская область,Мозырский район,130357,2013
город,Гомельская область,Мозырь,111324,2013
район,Гомельская область,Наровлянский район,10975,2013
город,Гомельская область,Наровля,8026,2013
район,Гомельская область,Октябрьский район,14907,2013
городской поселок,Гомельская область,Октябрьский,7076,2013
район,Гомельская область,Петриковский район,30765,2013
город,Гомельская область,Петриков,10382,2013
городской поселок,Гомельская область,Копаткевичи,3114,2013
район,Гомельская область,Речицкий район,101570,2013
город,Гомельская область,Речица,65289,2013
город,Гомельская область,Василевичи,3619,2013
городской поселок,Гомельская область,Заречье,2313,2013
район,Гомельская область,Рогачевский район,59271,2013
город,Гомельская область,Рогачев,34476,2013
рабочий поселок,Гомельская область,Белицк,0,2013
район,Гомельская область,Светлогорский район,87004,2013
город,Гомельская область,Светлогорск,69028,2013
городской поселок,Гомельская область,Паричи,1917,2013
рабочий поселок,Гомельская область,Сосновый Бор,2232,2013
район,Гомельская область,Хойникский район,20752,2013
город,Гомельская область,Хойники,13320,2013
район,Гомельская область,Чечерский район,15008,2013
город,Гомельская область,Чечерск,8059,2013
город,Гомельская область,Гомель,514968,2013
рабочий поселок,Гомельская область,Костюковка,9606,2013
область,Гродненская область,Гродненская область,1058415,2013
район,Гродненская область,Берестовицкий район,16517,2013
городской поселок,Гродненская область,Большая Берестовица,5577,2013
район,Гродненская область,Волковысский район,72419,2013
город,Гродненская область,Волковыск,43839,2013
городской поселок,Гродненская область,Красносельский,6972,2013
городской поселок,Гродненская область,Россь,4853,2013
район,Гродненская область,Вороновский район,27823,2013
городской поселок,Гродненская область,Вороново,6016,2013
городской поселок,Гродненская область,Радунь,2470,2013
район,Гродненская область,Гродненский район,50542,2013
город,Гродненская область,Скидель,10604,2013
городской поселок,Гродненская область,Сопоцкин,1095,2013
район,Гродненская область,Дятловский район,26947,2013
город,Гродненская область,Дятлово,7587,2013
городской поселок,Гродненская область,Козловщина,1746,2013
городской поселок,Гродненская область,Новоельня,2839,2013
район,Гродненская область,Зельвенский район,17008,2013
городской поселок,Гродненская область,Зельва,7071,2013
район,Гродненская область,Ивьевский район,26025,2013
город,Гродненская область,Ивье,7888,2013
городской поселок,Гродненская область,Юратишки,1395,2013
район,Гродненская область,Кореличский район,22043,2013
городской поселок,Гродненская область,Кореличи,6661,2013
городской поселок,Гродненская область,Мир,2289,2013
район,Гродненская область,Лидский район,133027,2013
город,Гродненская область,Лида,99430,2013
город,Гродненская область,Березовка,10559,2013
район,Гродненская область,Мостовский район,30522,2013
город,Гродненская область,Мосты,15721,2013
район,Гродненская область,Новогрудский район,47012,2013
город,Гродненская область,Новогрудок,29065,2013
городской поселок,Гродненская область,Любча,1126,2013
район,Гродненская область,Островецкий район,23936,2013
город,Гродненская область,Островец,null,2013
район,Гродненская область,Ошмянский район,31653,2013
город,Гродненская область,Ошмяны,15668,2013
район,Гродненская область,Свислочский район,17423,2013
город,Гродненская область,Свислочь,6702,2013
городской поселок,Гродненская область,Порозово,972,2013
район,Гродненская область,Слонимский район,65718,2013
город,Гродненская область,Слоним,48977,2013
район,Гродненская область,Сморгонский район,53775,2013
город,Гродненская область,Сморгонь,36942,2013
район,Гродненская область,Щучинский район,43540,2013
город,Гродненская область,Щучин,15283,2013
городской поселок,Гродненская область,Желудок,1153,2013
городской поселок,Гродненская область,Острино,1856,2013
город,Гродненская область,Гродно,352485,2013
город,Минск,Минск,1901059,2013
область,Минская область,Минская область,1401861,2013
район,Минская область,Березинский район,23707,2013
город,Минская область,Березино,11984,2013
район,Минская область,Борисовский район,184561,2013
город,Минская область,Борисов,145659,2013
район,Минская область,Вилейский район,49700,2013
город,Минская область,Вилейка,26874,2013
район,Минская область,Воложинский район,35110,2013
город,Минская область,Воложин,10483,2013
городской поселок,Минская область,Ивенец,4260,2013
район,Минская область,Дзержинский район,61801,2013
город,Минская область,Дзержинск,26052,2013
город,Минская область,Фаниполь,13260,2013
район,Минская область,Клецкий район,30099,2013
город,Минская область,Клецк,11021,2013
район,Минская область,Копыльский район,30384,2013
город,Минская область,Копыль,9858,2013
район,Минская область,Крупский район,24545,2013
город,Минская область,Крупки,8607,2013
городской поселок,Минская область,Бобр,981,2013
городской поселок,Минская область,Холопеничи,1423,2013
район,Минская область,Логойский район,35088,2013
город,Минская область,Логойск,11825,2013
городской поселок,Минская область,Плещеницы,5865,2013
район,Минская область,Любанский район,33470,2013
город,Минская область,Любань,11186,2013
городской поселок,Минская область,Уречье,3073,2013
район,Минская область,Минский район,172818,2013
город,Минская область,Заславль,14551,2013
городской поселок,Минская область,Мачулищи,7589,2013
район,Минская область,Молодечненский район,136223,2013
город,Минская область,Молодечно,93802,2013
городской поселок,Минская область,Радошковичи,5710,2013
район,Минская область,Мядельский район,27637,2013
город,Минская область,Мядель,6880,2013
городской поселок,Минская область,Кривичи,1231,2013
кп,Минская область,Нарочь,3101,2013
городской поселок,Минская область,Свирь,966,2013
район,Минская область,Несвижский район,39862,2013
город,Минская область,Несвиж,14612,2013
городской поселок,Минская область,Городея,3908,2013
район,Минская область,Пуховичский район,66694,2013
город,Минская область,Марьина Горка,21107,2013
рабочий поселок,Минская область,Правдинский,2318,2013
городской поселок,Минская область,Руденск,2713,2013
городской поселок,Минская область,Свислочь,3955,2013
район,Минская область,Слуцкий район,92930,2013
город,Минская область,Слуцк,61847,2013
район,Минская область,Смолевичский район,43209,2013
город,Минская область,Смолевичи,15449,2013
рабочий поселок,Минская область,Зеленый Бор,1098,2013
район,Минская область,Солигорский район,134937,2013
город,Минская область,Солигорск,104745,2013
городской поселок,Минская область,Красная Слобода,4102,2013
городской поселок,Минская область,Старобин,5721,2013
район,Минская область,Стародорожский район,20750,2013
город,Минская область,Старые Дороги,10774,2013
район,Минская область,Столбцовский район,40506,2013
город,Минская область,Столбцы,16283,2013
район,Минская область,Узденский район,22970,2013
город,Минская область,Узда,9870,2013
район,Минская область,Червенский район,32164,2013
город,Минская область,Червень,9842,2013
городской поселок,Минская область,Смиловичи,4783,2013
город,Минская область,Жодино,62696,2013
область,Могилевская область,Могилевская область,1076485,2013
район,Могилевская область,Белыничский район,20544,2013
городской поселок,Могилевская область,Белыничи,10598,2013
район,Могилевская область,Бобруйский район,18471,2013
рабочий поселок,Могилевская область,Глуша,1280,2013
район,Могилевская область,Быховский район,32405,2013
город,Могилевская область,Быхов,16818,2013
район,Могилевская область,Глусский район,15116,2013
городской поселок,Могилевская область,Глуск,7311,2013
район,Могилевская область,Горецкий район,45029,2013
город,Могилевская область,Горки,31432,2013
район,Могилевская область,Дрибинский район,11027,2013
городской поселок,Могилевская область,Дрибин,3153,2013
район,Могилевская область,Кировский район,20867,2013
город,Могилевская область,Кировск,8660,2013
район,Могилевская область,Климовичский район,26566,2013
город,Могилевская область,Климовичи,16383,2013
район,Могилевская область,Кличевский район,15870,2013
город,Могилевская область,Кличев,7348,2013
район,Могилевская область,Костюковичский район,24910,2013
город,Могилевская область,Костюковичи,15879,2013
район,Могилевская область,Краснопольский район,10350,2013
городской поселок,Могилевская область,Краснополье,5877,2013
район,Могилевская область,Кричевский район,33574,2013
город,Могилевская область,Кричев,26513,2013
район,Могилевская область,Круглянский район,14849,2013
городской поселок,Могилевская область,Круглое,7490,2013
район,Могилевская область,Могилевский район,40571,2013
район,Могилевская область,Мстиславский район,23192,2013
город,Могилевская область,Мстиславль,10596,2013
район,Могилевская область,Осиповичский район,49766,2013
город,Могилевская область,Осиповичи,31629,2013
рабочий поселок,Могилевская область,Елизово,2584,2013
рабочий поселок,Могилевская область,Татарка,734,2013
район,Могилевская область,Славгородский район,13976,2013
город,Могилевская область,Славгород,7767,2013
район,Могилевская область,Хотимский район,11936,2013
городской поселок,Могилевская область,Хотимск,6795,2013
район,Могилевская область,Чаусский район,19932,2013
город,Могилевская область,Чаусы,10749,2013
район,Могилевская область,Чериковский район,14229,2013
город,Могилевская область,Чериков,8247,2013
район,Могилевская область,Шкловский район,29339,2013
город,Могилевская область,Шклов,16353,2013
город,Могилевская область,Могилев,366839,2013
город,Могилевская область,Бобруйск,217127,2013
Республика Беларусь,Республика Беларусь,Республика Беларусь,9468154,2014
область,Брестская область,Брестская область,1388573,2014
район,Брестская область,Барановичский район,33154,2014
городской поселок,Брестская область,Городище,2076,2014
район,Брестская область,Березовский район,64524,2014
город,Брестская область,Береза,29392,2014
город,Брестская область,Белоозерск,12467,2014
район,Брестская область,Брестский район,39728,2014
городской поселок,Брестская область,Домачево,1218,2014
район,Брестская область,Ганцевичский район,28924,2014
город,Брестская область,Ганцевичи,13982,2014
район,Брестская область,Дрогичинский район,39119,2014
город,Брестская область,Дрогичин,14775,2014
городской поселок,Брестская область,Антополь,1492,2014
район,Брестская область,Жабинковский район,24536,2014
город,Брестская область,Жабинка,13248,2014
район,Брестская область,Ивановский район,40780,2014
город,Брестская область,Иваново,16594,2014
район,Брестская область,Ивацевичский район,56330,2014
город,Брестская область,Ивацевичи,23280,2014
город,Брестская область,Коссово,1927,2014
городской поселок,Брестская область,Телеханы,4010,2014
район,Брестская область,Каменецкий район,36610,2014
город,Брестская область,Каменец,8396,2014
город,Брестская область,Высокое,5254,2014
район,Брестская область,Кобринский район,86092,2014
город,Брестская область,Кобрин,52489,2014
район,Брестская область,Лунинецкий район,69370,2014
город,Брестская область,Лунинец,24047,2014
город,Брестская область,Микашевичи,12899,2014
район,Брестская область,Ляховичский район,27392,2014
город,Брестская область,Ляховичи,10918,2014
район,Брестская область,Малоритский район,24736,2014
город,Брестская область,Малорита,11775,2014
район,Брестская область,Пинский район,47978,2014
городской поселок,Брестская область,Логишин,2107,2014
район,Брестская область,Пружанский район,49383,2014
город,Брестская область,Пружаны,18796,2014
городской поселок,Брестская область,Ружаны,3050,2014
городской поселок,Брестская область,Шерешево,1828,2014
район,Брестская область,Столинский район,75710,2014
город,Брестская область,Столин,12412,2014
город,Брестская область,Давид-Городок,6169,2014
рабочий поселок,Брестская область,Речица,6173,2014
город,Брестская область,Брест,330934,2014
город,Брестская область,Барановичи,177177,2014
город,Брестская область,Пинск,136096,2014
область,Витебская область,Витебская область,1202130,2014
район,Витебская область,Бешенковичский район,16453,2014
городской поселок,Витебская область,Бешенковичи,6806,2014
район,Витебская область,Браславский район,27073,2014
город,Витебская область,Браслав,9689,2014
городской поселок,Витебская область,Видзы,1684,2014
район,Витебская область,Верхнедвинский район,22564,2014
город,Витебская область,Верхнедвинск,7253,2014
городской поселок,Витебская область,Освея,1200,2014
район,Витебская область,Витебский район,37684,2014
городской поселок,Витебская область,Сураж,879,2014
городской поселок,Витебская область,Яновичи,814,2014
район,Витебская область,Глубокский район,38456,2014
город,Витебская область,Глубокое,18709,2014
городской поселок,Витебская область,Подсвилье,2050,2014
район,Витебская область,Городокский район,24049,2014
город,Витебская область,Городок,12257,2014
городской поселок,Витебская область,Езерище,1364,2014
район,Витебская область,Докшицкий район,24487,2014
город,Витебская область,Докшицы,6832,2014
городской поселок,Витебская область,Бегомль,2638,2014
район,Витебская область,Дубровенский район,15327,2014
город,Витебская область,Дубровно,7485,2014
район,Витебская область,Лепельский район,33625,2014
город,Витебская область,Лепель,17608,2014
район,Витебская область,Лиозненский район,16156,2014
городской поселок,Витебская область,Лиозно,6647,2014
район,Витебская область,Миорский район,21602,2014
город,Витебская область,Миоры,8131,2014
город,Витебская область,Дисна,1633,2014
район,Витебская область,Оршанский район,159178,2014
городской поселок,Витебская область,Копысь,816,2014
городской поселок,Витебская область,Ореховск,2475,2014
район,Витебская область,Полоцкий район,108792,2014
городской поселок,Витебская область,Ветрино,2282,2014
район,Витебская область,Поставский район,37348,2014
город,Витебская область,Поставы,20067,2014
городской поселок,Витебская область,Воропаево,2648,2014
городской поселок,Витебская область,Лынтупы,1550,2014
район,Витебская область,Россонский район,10008,2014
городской поселок,Витебская область,Россоны,5124,2014
район,Витебская область,Сенненский район,23133,2014
город,Витебская область,Сенно,7571,2014
городской поселок,Витебская область,Богушевск,2730,2014
район,Витебская область,Толочинский район,26280,2014
город,Витебская область,Толочин,9852,2014
городской поселок,Витебская область,Коханово,4293,2014
район,Витебская область,Ушачский район,14251,2014
городской поселок,Витебская область,Ушачи,6071,2014
район,Витебская область,Чашникский район,32241,2014
город,Витебская область,Чашники,8958,2014
город,Витебская область,Новолукомль,13088,2014
район,Витебская область,Шарковщинский район,16316,2014
городской поселок,Витебская область,Шарковщина,6601,2014
район,Витебская область,Шумилинский район,18806,2014
городской поселок,Витебская область,Шумилино,7334,2014
городской поселок,Витебская область,Оболь,2439,2014
город,Витебская область,Витебск,370604,2014
городской поселок,Витебская область,Руба,7543,2014
город,Витебская область,Новополоцк,101860,2014
городской поселок,Витебская область,Боровуха,5379,2014
область,Гомельская область,Гомельская область,1425537,2014
район,Гомельская область,Брагинский район,12766,2014
городской поселок,Гомельская область,Брагин,3899,2014
городской поселок,Гомельская область,Комарин,1858,2014
район,Гомельская область,Буда-Кошелевский,31771,2014
город,Гомельская область,Буда-Кошелево,8467,2014
городской поселок,Гомельская область,Уваровичи,2345,2014
район,Гомельская область,Ветковский район,17896,2014
город,Гомельская область,Ветка,8156,2014
район,Гомельская область,Гомельский район,67495,2014
рабочий поселок,Гомельская область,Большевик,2491,2014
район,Гомельская область,Добрушский район,37373,2014
город,Гомельская область,Добруш,18095,2014
городской поселок,Гомельская область,Тереховка,3177,2014
район,Гомельская область,Ельский район,16168,2014
город,Гомельская область,Ельск,9309,2014
район,Гомельская область,Житковичский район,37763,2014
город,Гомельская область,Житковичи,15904,2014
город,Гомельская область,Туров,2793,2014
район,Гомельская область,Жлобинский район,102154,2014
город,Гомельская область,Жлобин,75373,2014
городской поселок,Гомельская область,Стрешин,1224,2014
район,Гомельская область,Калинковичский район,61221,2014
город,Гомельская область,Калинковичи,39325,2014
городской поселок,Гомельская область,Озаричи,1213,2014
район,Гомельская область,Кормянский район,14031,2014
городской поселок,Гомельская область,Корма,7534,2014
район,Гомельская область,Лельчицкий район,25301,2014
городской поселок,Гомельская область,Лельчицы,10827,2014
район,Гомельская область,Лоевский район,12792,2014
городской поселок,Гомельская область,Лоев,6789,2014
район,Гомельская область,Мозырский район,130827,2014
город,Гомельская область,Мозырь,112187,2014
район,Гомельская область,Наровлянский район,10815,2014
город,Гомельская область,Наровля,8010,2014
район,Гомельская область,Октябрьский район,14640,2014
городской поселок,Гомельская область,Октябрьский,7036,2014
район,Гомельская область,Петриковский район,29969,2014
город,Гомельская область,Петриков,10408,2014
городской поселок,Гомельская область,Копаткевичи,3071,2014
район,Гомельская область,Речицкий район,100575,2014
город,Гомельская область,Речица,65367,2014
город,Гомельская область,Василевичи,3548,2014
городской поселок,Гомельская область,Заречье,2280,2014
район,Гомельская область,Рогачевский район,58817,2014
город,Гомельская область,Рогачев,34689,2014
рабочий поселок,Гомельская область,Белицк,0,2014
район,Гомельская область,Светлогорский район,86161,2014
город,Гомельская область,Светлогорск,68708,2014
городской поселок,Гомельская область,Паричи,1874,2014
рабочий поселок,Гомельская область,Сосновый Бор,2196,2014
район,Гомельская область,Хойникский район,20262,2014
город,Гомельская область,Хойники,13088,2014
район,Гомельская область,Чечерский район,14775,2014
город,Гомельская область,Чечерск,8086,2014
город,Гомельская область,Гомель,521965,2014
рабочий поселок,Гомельская область,Костюковка,9651,2014
область,Гродненская область,Гродненская область,1054861,2014
район,Гродненская область,Берестовицкий район,16255,2014
городской поселок,Гродненская область,Большая Берестовица,5588,2014
район,Гродненская область,Волковысский район,71817,2014
город,Гродненская область,Волковыск,43826,2014
городской поселок,Гродненская область,Красносельский,6898,2014
городской поселок,Гродненская область,Россь,4826,2014
район,Гродненская область,Вороновский район,27353,2014
городской поселок,Гродненская область,Вороново,6080,2014
городской поселок,Гродненская область,Радунь,2455,2014
район,Гродненская область,Гродненский район,50002,2014
город,Гродненская область,Скидель,10511,2014
городской поселок,Гродненская область,Сопоцкин,1045,2014
район,Гродненская область,Дятловский район,26406,2014
город,Гродненская область,Дятлово,7664,2014
городской поселок,Гродненская область,Козловщина,1726,2014
городской поселок,Гродненская область,Новоельня,2780,2014
район,Гродненская область,Зельвенский район,16560,2014
городской поселок,Гродненская область,Зельва,7067,2014
район,Гродненская область,Ивьевский район,25389,2014
город,Гродненская область,Ивье,7825,2014
городской поселок,Гродненская область,Юратишки,1378,2014
район,Гродненская область,Кореличский район,21552,2014
городской поселок,Гродненская область,Кореличи,6659,2014
городской поселок,Гродненская область,Мир,2294,2014
район,Гродненская область,Лидский район,132678,2014
город,Гродненская область,Лида,99928,2014
город,Гродненская область,Березовка,10541,2014
район,Гродненская область,Мостовский район,29963,2014
город,Гродненская область,Мосты,15663,2014
район,Гродненская область,Новогрудский район,46281,2014
город,Гродненская область,Новогрудок,28843,2014
городской поселок,Гродненская область,Любча,1104,2014
район,Гродненская область,Островецкий район,23929,2014
город,Гродненская область,Островец,8953,2014
район,Гродненская область,Ошмянский район,31354,2014
город,Гродненская область,Ошмяны,15813,2014
район,Гродненская область,Свислочский район,16931,2014
город,Гродненская область,Свислочь,6681,2014
городской поселок,Гродненская область,Порозово,952,2014
район,Гродненская область,Слонимский район,65517,2014
город,Гродненская область,Слоним,49105,2014
район,Гродненская область,Сморгонский район,53533,2014
город,Гродненская область,Сморгонь,37212,2014
район,Гродненская область,Щучинский район,42784,2014
город,Гродненская область,Щучин,15481,2014
городской поселок,Гродненская область,Желудок,1102,2014
городской поселок,Гродненская область,Острино,1854,2014
город,Гродненская область,Гродно,356557,2014
город,Минск,Минск,1921807,2014
область,Минская область,Минская область,1402701,2014
район,Минская область,Березинский район,23281,2014
город,Минская область,Березино,11907,2014
район,Минская область,Борисовский район,183750,2014
город,Минская область,Борисов,145223,2014
район,Минская область,Вилейский район,49260,2014
город,Минская область,Вилейка,26942,2014
район,Минская область,Воложинский район,34519,2014
город,Минская область,Воложин,10440,2014
городской поселок,Минская область,Ивенец,4243,2014
район,Минская область,Дзержинский район,62380,2014
город,Минская область,Дзержинск,26338,2014
город,Минская область,Фаниполь,13826,2014
район,Минская область,Клецкий район,29510,2014
город,Минская область,Клецк,11075,2014
район,Минская область,Копыльский район,29734,2014
город,Минская область,Копыль,9834,2014
район,Минская область,Крупский район,24058,2014
город,Минская область,Крупки,8586,2014
городской поселок,Минская область,Бобр,970,2014
городской поселок,Минская область,Холопеничи,1408,2014
район,Минская область,Логойский район,35117,2014
город,Минская область,Логойск,12129,2014
городской поселок,Минская область,Плещеницы,5858,2014
район,Минская область,Любанский район,33044,2014
город,Минская область,Любань,11160,2014
городской поселок,Минская область,Уречье,3050,2014
район,Минская область,Минский район,179164,2014
город,Минская область,Заславль,14699,2014
городской поселок,Минская область,Мачулищи,7761,2014
район,Минская область,Молодечненский район,136328,2014
город,Минская область,Молодечно,94155,2014
городской поселок,Минская область,Радошковичи,5712,2014
район,Минская область,Мядельский район,27224,2014
город,Минская область,Мядель,6893,2014
городской поселок,Минская область,Кривичи,1227,2014
кп,Минская область,Нарочь,3224,2014
городской поселок,Минская область,Свирь,928,2014
район,Минская область,Несвижский район,39456,2014
город,Минская область,Несвиж,14957,2014
городской поселок,Минская область,Городея,3868,2014
район,Минская область,Пуховичский район,66306,2014
город,Минская область,Марьина Горка,21296,2014
рабочий поселок,Минская область,Правдинский,2319,2014
городской поселок,Минская область,Руденск,2672,2014
городской поселок,Минская область,Свислочь,3968,2014
район,Минская область,Слуцкий район,92591,2014
город,Минская область,Слуцк,62046,2014
район,Минская область,Смолевичский район,43517,2014
город,Минская область,Смолевичи,15605,2014
рабочий поселок,Минская область,Зеленый Бор,1105,2014
район,Минская область,Солигорский район,134759,2014
город,Минская область,Солигорск,105376,2014
городской поселок,Минская область,Красная Слобода,4028,2014
городской поселок,Минская область,Старобин,5772,2014
район,Минская область,Стародорожский район,20434,2014
город,Минская область,Старые Дороги,10727,2014
район,Минская область,Столбцовский район,40238,2014
город,Минская область,Столбцы,16472,2014
район,Минская область,Узденский район,22915,2014
город,Минская область,Узда,9945,2014
район,Минская область,Червенский район,31959,2014
город,Минская область,Червень,9777,2014
городской поселок,Минская область,Смиловичи,4909,2014
город,Минская область,Жодино,63157,2014
область,Могилевская область,Могилевская область,1072545,2014
район,Могилевская область,Белыничский район,20027,2014
городской поселок,Могилевская область,Белыничи,10430,2014
район,Могилевская область,Бобруйский район,17978,2014
рабочий поселок,Могилевская область,Глуша,0,2014
район,Могилевская область,Быховский район,31672,2014
город,Могилевская область,Быхов,16789,2014
район,Могилевская область,Глусский район,14690,2014
городской поселок,Могилевская область,Глуск,7249,2014
район,Могилевская область,Горецкий район,45249,2014
город,Могилевская область,Горки,31988,2014
район,Могилевская область,Дрибинский район,10767,2014
городской поселок,Могилевская область,Дрибин,3141,2014
район,Могилевская область,Кировский район,20449,2014
город,Могилевская область,Кировск,8594,2014
район,Могилевская область,Климовичский район,26009,2014
город,Могилевская область,Климовичи,16263,2014
район,Могилевская область,Кличевский район,15638,2014
город,Могилевская область,Кличев,7382,2014
район,Могилевская область,Костюковичский район,24412,2014
город,Могилевская область,Костюковичи,15872,2014
район,Могилевская область,Краснопольский район,10125,2014
городской поселок,Могилевская область,Краснополье,5921,2014
район,Могилевская область,Кричевский район,33165,2014
город,Могилевская область,Кричев,26369,2014
район,Могилевская область,Круглянский район,14612,2014
городской поселок,Могилевская область,Круглое,7469,2014
район,Могилевская область,Могилевский район,40120,2014
район,Могилевская область,Мстиславский район,22715,2014
город,Могилевская область,Мстиславль,10541,2014
район,Могилевская область,Осиповичский район,49195,2014
город,Могилевская область,Осиповичи,31487,2014
рабочий поселок,Могилевская область,Елизово,2543,2014
рабочий поселок,Могилевская область,Татарка,734,2014
район,Могилевская область,Славгородский район,13645,2014
город,Могилевская область,Славгород,7703,2014
район,Могилевская область,Хотимский район,11615,2014
городской поселок,Могилевская область,Хотимск,6704,2014
район,Могилевская область,Чаусский район,19394,2014
город,Могилевская область,Чаусы,10651,2014
район,Могилевская область,Чериковский район,13965,2014
город,Могилевская область,Чериков,8222,2014
район,Могилевская область,Шкловский район,28753,2014
город,Могилевская область,Шклов,16290,2014
город,Могилевская область,Могилев,370690,2014
город,Могилевская область,Бобруйск,217660,2014
Республика Беларусь,Республика Беларусь,Республика Беларусь,9480868,2015
область,Брестская область,Брестская область,1388931,2015
район,Брестская область,Барановичский район,32479,2015
городской поселок,Брестская область,Городище,2051,2015
район,Брестская область,Березовский район,64217,2015
город,Брестская область,Береза,29500,2015
город,Брестская область,Белоозерск,12606,2015
район,Брестская область,Брестский район,40418,2015
городской поселок,Брестская область,Домачево,1218,2015
район,Брестская область,Ганцевичский район,28480,2015
город,Брестская область,Ганцевичи,14043,2015
район,Брестская область,Дрогичинский район,38357,2015
город,Брестская область,Дрогичин,14800,2015
городской поселок,Брестская область,Антополь,1458,2015
район,Брестская область,Жабинковский район,24543,2015
город,Брестская область,Жабинка,13353,2015
район,Брестская область,Ивановский район,40062,2015
город,Брестская область,Иваново,16597,2015
район,Брестская область,Ивацевичский район,55679,2015
город,Брестская область,Ивацевичи,23394,2015
город,Брестская область,Коссово,1905,2015
городской поселок,Брестская область,Телеханы,3994,2015
район,Брестская область,Каменецкий район,36182,2015
город,Брестская область,Каменец,8425,2015
город,Брестская область,Высокое,5226,2015
район,Брестская область,Кобринский район,85928,2015
город,Брестская область,Кобрин,52711,2015
район,Брестская область,Лунинецкий район,68610,2015
город,Брестская область,Лунинец,24220,2015
город,Брестская область,Микашевичи,12855,2015
район,Брестская область,Ляховичский район,26695,2015
город,Брестская область,Ляховичи,10873,2015
район,Брестская область,Малоритский район,24592,2015
город,Брестская область,Малорита,11808,2015
район,Брестская область,Пинский район,47241,2015
городской поселок,Брестская область,Логишин,2059,2015
район,Брестская область,Пружанский район,48670,2015
город,Брестская область,Пружаны,18619,2015
городской поселок,Брестская область,Ружаны,3005,2015
городской поселок,Брестская область,Шерешево,1803,2015
район,Брестская область,Столинский район,74725,2015
город,Брестская область,Столин,12756,2015
город,Брестская область,Давид-Городок,6058,2015
рабочий поселок,Брестская область,Речица,6095,2015
город,Брестская область,Брест,335645,2015
город,Брестская область,Барановичи,178889,2015
город,Брестская область,Пинск,137519,2015
область,Витебская область,Витебская область,1198515,2015
район,Витебская область,Бешенковичский район,16105,2015
городской поселок,Витебская область,Бешенковичи,6755,2015
район,Витебская область,Браславский район,26705,2015
город,Витебская область,Браслав,9710,2015
городской поселок,Витебская область,Видзы,1698,2015
район,Витебская область,Верхнедвинский район,22170,2015
город,Витебская область,Верхнедвинск,7259,2015
городской поселок,Витебская область,Освея,1197,2015
район,Витебская область,Витебский район,37487,2015
городской поселок,Витебская область,Сураж,856,2015
городской поселок,Витебская область,Яновичи,790,2015
район,Витебская область,Глубокский район,38100,2015
город,Витебская область,Глубокое,18856,2015
городской поселок,Витебская область,Подсвилье,2021,2015
район,Витебская область,Городокский район,23667,2015
город,Витебская область,Городок,12251,2015
городской поселок,Витебская область,Езерище,1307,2015
район,Витебская область,Докшицкий район,24038,2015
город,Витебская область,Докшицы,6850,2015
городской поселок,Витебская область,Бегомль,2642,2015
район,Витебская область,Дубровенский район,14950,2015
город,Витебская область,Дубровно,7345,2015
район,Витебская область,Лепельский район,33419,2015
город,Витебская область,Лепель,17630,2015
район,Витебская область,Лиозненский район,15924,2015
городской поселок,Витебская область,Лиозно,6675,2015
район,Витебская область,Миорский район,21215,2015
город,Витебская область,Миоры,8156,2015
город,Витебская область,Дисна,1593,2015
район,Витебская область,Оршанский район,158747,2015
городской поселок,Витебская область,Копысь,827,2015
городской поселок,Витебская область,Ореховск,2453,2015
район,Витебская область,Полоцкий район,108643,2015
городской поселок,Витебская область,Ветрино,2256,2015
район,Витебская область,Поставский район,36951,2015
город,Витебская область,Поставы,20070,2015
городской поселок,Витебская область,Воропаево,2615,2015
городской поселок,Витебская область,Лынтупы,1564,2015
район,Витебская область,Россонский район,9797,2015
городской поселок,Витебская область,Россоны,5052,2015
район,Витебская область,Сенненский район,22604,2015
город,Витебская область,Сенно,7498,2015
городской поселок,Витебская область,Богушевск,2675,2015
район,Витебская область,Толочинский район,25702,2015
город,Витебская область,Толочин,9817,2015
городской поселок,Витебская область,Коханово,4255,2015
район,Витебская область,Ушачский район,13969,2015
городской поселок,Витебская область,Ушачи,6036,2015
район,Витебская область,Чашникский район,31811,2015
город,Витебская область,Чашники,8907,2015
город,Витебская область,Новолукомль,13073,2015
район,Витебская область,Шарковщинский район,15903,2015
городской поселок,Витебская область,Шарковщина,6537,2015
район,Витебская область,Шумилинский район,18521,2015
городской поселок,Витебская область,Шумилино,7395,2015
городской поселок,Витебская область,Оболь,2438,2015
город,Витебская область,Витебск,373894,2015
городской поселок,Витебская область,Руба,7595,2015
город,Витебская область,Новополоцк,102261,2015
городской поселок,Витебская область,Боровуха,5476,2015
область,Гомельская область,Гомельская область,1423964,2015
район,Гомельская область,Брагинский район,12430,2015
городской поселок,Гомельская область,Брагин,3785,2015
городской поселок,Гомельская область,Комарин,1813,2015
район,Гомельская область,Буда-Кошелевский,30964,2015
город,Гомельская область,Буда-Кошелево,8572,2015
городской поселок,Гомельская область,Уваровичи,2324,2015
район,Гомельская область,Ветковский район,17812,2015
город,Гомельская область,Ветка,8245,2015
район,Гомельская область,Гомельский район,67656,2015
рабочий поселок,Гомельская область,Большевик,2476,2015
район,Гомельская область,Добрушский район,37054,2015
город,Гомельская область,Добруш,18113,2015
городской поселок,Гомельская область,Тереховка,3182,2015
район,Гомельская область,Ельский район,15877,2015
город,Гомельская область,Ельск,9319,2015
район,Гомельская область,Житковичский район,37035,2015
город,Гомельская область,Житковичи,15850,2015
город,Гомельская область,Туров,2771,2015
район,Гомельская область,Жлобинский район,102159,2015
город,Гомельская область,Жлобин,75700,2015
городской поселок,Гомельская область,Стрешин,1222,2015
район,Гомельская область,Калинковичский район,60624,2015
город,Гомельская область,Калинковичи,39611,2015
городской поселок,Гомельская область,Озаричи,1199,2015
район,Гомельская область,Кормянский район,13825,2015
городской поселок,Гомельская область,Корма,7588,2015
район,Гомельская область,Лельчицкий район,24968,2015
городской поселок,Гомельская область,Лельчицы,11070,2015
район,Гомельская область,Лоевский район,12535,2015
городской поселок,Гомельская область,Лоев,6793,2015
район,Гомельская область,Мозырский район,131812,2015
город,Гомельская область,Мозырь,112493,2015
район,Гомельская область,Наровлянский район,10693,2015
город,Гомельская область,Наровля,7991,2015
район,Гомельская область,Октябрьский район,14347,2015
городской поселок,Гомельская область,Октябрьский,6933,2015
район,Гомельская область,Петриковский район,29109,2015
город,Гомельская область,Петриков,10363,2015
городской поселок,Гомельская область,Копаткевичи,3048,2015
район,Гомельская область,Речицкий район,99856,2015
город,Гомельская область,Речица,65624,2015
город,Гомельская область,Василевичи,3450,2015
городской поселок,Гомельская область,Заречье,2280,2015
район,Гомельская область,Рогачевский район,58331,2015
город,Гомельская область,Рогачев,34828,2015
рабочий поселок,Гомельская область,Белицк,0,2015
район,Гомельская область,Светлогорский район,85492,2015
город,Гомельская область,Светлогорск,68593,2015
городской поселок,Гомельская область,Паричи,1853,2015
рабочий поселок,Гомельская область,Сосновый Бор,2140,2015
район,Гомельская область,Хойникский район,19890,2015
город,Гомельская область,Хойники,12896,2015
район,Гомельская область,Чечерский район,14624,2015
город,Гомельская область,Чечерск,8109,2015
город,Гомельская область,Гомель,526871,2015
рабочий поселок,Гомельская область,Костюковка,9895,2015
область,Гродненская область,Гродненская область,1052588,2015
район,Гродненская область,Берестовицкий район,15950,2015
городской поселок,Гродненская область,Большая Берестовица,5587,2015
район,Гродненская область,Волковысский район,71271,2015
город,Гродненская область,Волковыск,44084,2015
городской поселок,Гродненская область,Красносельский,6810,2015
городской поселок,Гродненская область,Россь,4766,2015
район,Гродненская область,Вороновский район,26953,2015
городской поселок,Гродненская область,Вороново,6200,2015
городской поселок,Гродненская область,Радунь,2426,2015
район,Гродненская область,Гродненский район,49830,2015
город,Гродненская область,Скидель,10554,2015
городской поселок,Гродненская область,Сопоцкин,1027,2015
район,Гродненская область,Дятловский район,25875,2015
город,Гродненская область,Дятлово,7764,2015
городской поселок,Гродненская область,Козловщина,1708,2015
городской поселок,Гродненская область,Новоельня,2752,2015
район,Гродненская область,Зельвенский район,16053,2015
городской поселок,Гродненская область,Зельва,6971,2015
район,Гродненская область,Ивьевский район,24758,2015
город,Гродненская область,Ивье,7801,2015
городской поселок,Гродненская область,Юратишки,1352,2015
район,Гродненская область,Кореличский район,21025,2015
городской поселок,Гродненская область,Кореличи,6631,2015
городской поселок,Гродненская область,Мир,2237,2015
район,Гродненская область,Лидский район,132291,2015
город,Гродненская область,Лида,99976,2015
город,Гродненская область,Березовка,10533,2015
район,Гродненская область,Мостовский район,29342,2015
город,Гродненская область,Мосты,15749,2015
район,Гродненская область,Новогрудский район,46098,2015
город,Гродненская область,Новогрудок,29245,2015
городской поселок,Гродненская область,Любча,1081,2015
район,Гродненская область,Островецкий район,23826,2015
город,Гродненская область,Островец,9166,2015
район,Гродненская область,Ошмянский район,31190,2015
город,Гродненская область,Ошмяны,16191,2015
район,Гродненская область,Свислочский район,16401,2015
город,Гродненская область,Свислочь,6701,2015
городской поселок,Гродненская область,Порозово,922,2015
район,Гродненская область,Слонимский район,65371,2015
город,Гродненская область,Слоним,49334,2015
район,Гродненская область,Сморгонский район,53113,2015
город,Гродненская область,Сморгонь,37321,2015
район,Гродненская область,Щучинский район,41889,2015
город,Гродненская область,Щучин,15471,2015
городской поселок,Гродненская область,Желудок,1057,2015
городской поселок,Гродненская область,Острино,1847,2015
город,Гродненская область,Гродно,361352,2015
город,Минская область,Минск,1938280,2015
область,Минская область,Минская область,1407895,2015
район,Минская область,Березинский район,22937,2015
город,Минская область,Березино,11914,2015
район,Минская область,Борисовский район,183010,2015
город,Минская область,Борисов,144945,2015
район,Минская область,Вилейский район,48674,2015
город,Минская область,Вилейка,26890,2015
район,Минская область,Воложинский район,34061,2015
город,Минская область,Воложин,10488,2015
городской поселок,Минская область,Ивенец,4241,2015
район,Минская область,Дзержинский район,63205,2015
город,Минская область,Дзержинск,26972,2015
город,Минская область,Фаниполь,14223,2015
район,Минская область,Клецкий район,29022,2015
город,Минская область,Клецк,11237,2015
район,Минская область,Копыльский район,29062,2015
город,Минская область,Копыль,9733,2015
район,Минская область,Крупский район,23587,2015
город,Минская область,Крупки,8602,2015
городской поселок,Минская область,Бобр,958,2015
городской поселок,Минская область,Холопеничи,1393,2015
район,Минская область,Логойский район,35145,2015
город,Минская область,Логойск,12376,2015
городской поселок,Минская область,Плещеницы,5829,2015
район,Минская область,Любанский район,32478,2015
город,Минская область,Любань,11114,2015
городской поселок,Минская область,Уречье,3008,2015
район,Минская область,Минский район,188294,2015
город,Минская область,Заславль,14880,2015
городской поселок,Минская область,Мачулищи,7967,2015
район,Минская область,Молодечненский район,136797,2015
город,Минская область,Молодечно,94686,2015
городской поселок,Минская область,Радошковичи,5828,2015
район,Минская область,Мядельский район,26890,2015
город,Минская область,Мядель,6924,2015
городской поселок,Минская область,Кривичи,1208,2015
кп,Минская область,Нарочь,3299,2015
городской поселок,Минская область,Свирь,915,2015
район,Минская область,Несвижский район,39287,2015
город,Минская область,Несвиж,15271,2015
городской поселок,Минская область,Городея,3849,2015
район,Минская область,Пуховичский район,65984,2015
город,Минская область,Марьина Горка,21384,2015
рабочий поселок,Минская область,Правдинский,2311,2015
городской поселок,Минская область,Руденск,2668,2015
городской поселок,Минская область,Свислочь,3947,2015
район,Минская область,Слуцкий район,92379,2015
город,Минская область,Слуцк,62192,2015
район,Минская область,Смолевичский район,43866,2015
город,Минская область,Смолевичи,15861,2015
рабочий поселок,Минская область,Зеленый Бор,1111,2015
район,Минская область,Солигорский район,134647,2015
город,Минская область,Солигорск,105998,2015
городской поселок,Минская область,Красная Слобода,3951,2015
городской поселок,Минская область,Старобин,5809,2015
район,Минская область,Стародорожский район,20109,2015
город,Минская область,Старые Дороги,10606,2015
район,Минская область,Столбцовский район,39917,2015
город,Минская область,Столбцы,16690,2015
район,Минская область,Узденский район,23066,2015
город,Минская область,Узда,10102,2015
район,Минская область,Червенский район,31918,2015
город,Минская область,Червень,9752,2015
городской поселок,Минская область,Смиловичи,5079,2015
город,Минская область,Жодино,63560,2015
область,Могилевская область,Могилевская область,1070695,2015
район,Могилевская область,Белыничский район,19574,2015
городской поселок,Могилевская область,Белыничи,10316,2015
район,Могилевская область,Бобруйский район,17582,2015
рабочий поселок,Могилевская область,Глуша,0,2015
район,Могилевская область,Быховский район,30970,2015
город,Могилевская область,Быхов,16934,2015
район,Могилевская область,Глусский район,14349,2015
городской поселок,Могилевская область,Глуск,7236,2015
район,Могилевская область,Горецкий район,45764,2015
город,Могилевская область,Горки,32943,2015
район,Могилевская область,Дрибинский район,10480,2015
городской поселок,Могилевская область,Дрибин,3092,2015
район,Могилевская область,Кировский район,20012,2015
город,Могилевская область,Кировск,8752,2015
район,Могилевская область,Климовичский район,25661,2015
город,Могилевская область,Климовичи,16374,2015
район,Могилевская область,Кличевский район,15395,2015
город,Могилевская область,Кличев,7407,2015
район,Могилевская область,Костюковичский район,23989,2015
город,Могилевская область,Костюковичи,15887,2015
район,Могилевская область,Краснопольский район,9969,2015
городской поселок,Могилевская область,Краснополье,5936,2015
район,Могилевская область,Кричевский район,32896,2015
город,Могилевская область,Кричев,26385,2015
район,Могилевская область,Круглянский район,14386,2015
городской поселок,Могилевская область,Круглое,7592,2015
район,Могилевская область,Могилевский район,40181,2015
район,Могилевская область,Мстиславский район,22098,2015
город,Могилевская область,Мстиславль,10437,2015
район,Могилевская область,Осиповичский район,48719,2015
город,Могилевская область,Осиповичи,31494,2015
рабочий поселок,Могилевская область,Елизово,2515,2015
рабочий поселок,Могилевская область,Татарка,715,2015
район,Могилевская область,Славгородский район,13388,2015
город,Могилевская область,Славгород,7725,2015
район,Могилевская область,Хотимский район,11338,2015
городской поселок,Могилевская область,Хотимск,6616,2015
район,Могилевская область,Чаусский район,18936,2015
город,Могилевская область,Чаусы,10486,2015
район,Могилевская область,Чериковский район,13767,2015
город,Могилевская область,Чериков,8184,2015
район,Могилевская область,Шкловский район,28323,2015
город,Могилевская область,Шклов,16359,2015
город,Могилевская область,Могилев,374655,2015
город,Могилевская область,Бобруйск,218263,2015
город,Витебская область,Орша,115938,2017
городской поселок,Гродненская область,Поречье,2800,2016
деревня,Минская область,Турец-Бояры,1582,
город,Витебская область,Полоцк,84597,2018
городской поселок,Минская область,Морочь,1191,
городской поселок,Брестская область,Дивин,3035,2016
городской поселок,Минская область,Гацук,1200,
городской поселок,Минская область,Негорелое,814,2017
городской поселок,Минская область,Сеница,6424,2011
городской поселок,Брестская область,Большие Мотыкалы,2378,2009
деревня,Минская область,Боровляны,16708,2018
деревня,Витебская область,Летцы,411,2010
городской поселок,Брестская область,Мухавец,2178,2009
городской поселок,Минская область,Прилуки,1514,2009
городской поселок,Минская область,Михановичи,10000,
деревня,Минская область,Энергетиков,2816,2017
деревня,Минская область,Кривая Береза,3000,
деревня,Минская область,Слобода Озерицкая,1817,
деревня,Минская область,Озерицкая Слобода,1817,
деревня,Брестская область,Сосновка,191,
городской поселок,Минская область,Колодищи,17556,2019
городской поселок,Минская область,Лесной,19371,2018
деревня,Минская область,Копище,8000,2017
городской поселок,Минская область,Гатово,8000,2009
деревня,Минская область,Большой Тростенец,2523,
деревня,Минская область,Чисть,5422,2010
деревня,Минская область,Альба,329,2009
городской поселок,Минская область,Ратомка,4830,2010
город,Витебская область,Барань,11343,2016
деревня,Минская область,Аксаковщина,870,
городской поселок,Минская область,Ждановичи,7815,
деревня,Гомельская область,Загорье,290,2004
деревня,Минская область,Марьино,21280,2016
деревня,Минская область,Колядичи,503,
деревня,Минская область,Дуброво,37,
деревня,Минская область,Боровики,302,
деревня,Минская область,Литвинково,2,
деревня,Минская область,Дружный,9038,2016
деревня,Минская область,Боровая,320,
деревня,Минская область,Новое Поле,1016,
деревня,Минская область,Богатырево,260,
деревня,Гомельская область,Урицкое,2777,2004
деревня,Минская область,Озерцо,1320,2010
деревня,Витебская область,Богатырская,200,
городской поселок,Минская область,Долгиново,1165,
деревня,Гомельская область,Семенча,1005,2004
городской поселок,Гродненская область,Бенякони,1319,
деревня,Гомельская область,Сосновый,2086,2016
деревня,Минская область,Сосны,1074,
деревня,Витебская область,Осинторф,950,2001
деревня,Брестская область,Верховичи,531,
деревня,Брестская область,Свищево,238,2009
деревня,Брестская область,Подлесье,294,
деревня,Брестская область,Дворцы,300,
деревня,Брестская область,Юголин,189,2009
деревня,Минская область,Ельница,587,2010
городской поселок,Брестская область,Ленинский,1705,2009
деревня,Минская область,Новоселки,2000,
деревня,Минская область,Светлый Бор,666,
городской поселок,Минская область,Деревная,1406,2009
деревня,Минская область,Натальевск,770,
деревня,Минская область,Крупский,1152,
городской поселок,Минская область,Ухвала,791,2010
городской поселок,Брестская область,Ореховский,984,2016
деревня,Витебская область,Юрцево,570,2018
деревня,Брестская область,Федьковичи,183,2009
городской поселок,Минская область,Танежицы,540,
городской поселок,Брестская область,Большие Яковчицы,301,2019
городской поселок,Брестская область,Войская,837,
городской поселок,Гродненская область,Малая Берестовица,1174,2009
городской поселок,Витебская область,Бочейково,1000,
деревня,Гомельская область,Березки,2710,2004
городской поселок,Брестская область,Белоуша,2734,2015
деревня,Брестская область,Туховичи,400,
городской поселок,Могилевская область,Ковали,786,2012
деревня,Гомельская область,Пиревичи,1283,2004
деревня,Минская область,Станьково,1692,
город,Могилевская область,Цель,700,
городской поселок,Могилевская область,Восход,1662,2007
деревня,Могилевская область,Годылево,960,2009
городской поселок,Витебская область,Смольяны,998,2018
деревня,Брестская область,Павлиново,219,2010
деревня,Минская область,Солнечный,300,
деревня,Минская область,Толкачевичи 1-е,300,
деревня,Витебская область,Зубки,500,
деревня,Витебская область,Заслоново,500,
городской поселок,Минская область,Турин,363,2009
городской поселок,Брестская область,Пелище,1378,
деревня,Минская область,Швабы,500,
деревня,Брестская область,Замшаны,490,
деревня,Витебская область,Должа,628,2009
деревня,Минская область,Королево,25,
деревня,Витебская область,Азино,100,
городской поселок,Гродненская область,Цирин,500,2009
деревня,Минская область,Недреска,59,
деревня,Витебская область,Боровка,2500,
городской поселок,Брестская область,Дарево-Чиж,45,2009
деревня,Минская область,Кленник,251,
деревня,Брестская область,Велика Малая,100,
деревня,Минская область,Куль,783,2009
городской поселок,Минская область,Лошница,6644,2013
городской поселок,Могилевская область,Дашковка,1528,2005
городской поселок,Брестская область,Городец,1376,2016
городской поселок,Минская область,,,
городской поселок,Минская область,Самохваловичи,2549,
деревня,Гомельская область,Зябровка,815,2004
деревня,Могилевская область,Верейцы,247,2007
городской поселок,Могилевская область,Лапичи,2000,
деревня,Могилевская область,Никитиничи,456,2010
деревня,Витебская область,Жерносеки,100,
деревня,Брестская область,Оберовщина,100,
городской поселок,Минская область,Пуховичи,1825,2009
деревня,Минская область,Юзуфово,686,
деревня,Брестская область,Макарово,403,2010
деревня,Минская область,Усяж,1613,
деревня,Минская область,Лужки,342,
городской поселок,Брестская область,Доманово,1091,
деревня,Минская область,Седча,548,
городской поселок,Гродненская область,Правые Мосты,4319,
деревня,Минская область,Новосады,8,
деревня,Минская область,Новый Двор,717,
деревня,Минская область,Бровки,484,
городской поселок,Гродненская область,Верейки,984,2009
городской поселок,Минская область,Лошаны,654,2010
деревня,Минская область,Черницкий,526,
деревня,Минская область,Дещенка,100,
городской поселок,Витебская область,Болбасово,3529,2016
городской поселок,Витебская область,Бабиничи,894,2009
деревня,Гродненская область,Гезгалы,1500,
городской поселок,Минская область,Величковичи,1215,
деревня,Гомельская область,Терешковичи,1777,2004
деревня,Минская область,Неман,200,
деревня,Гродненская область,Жировичи,2570,2005
деревня,Брестская область,Ратайчицы,305,2009
городской поселок,Минская область,Большевик,3636,
деревня,Минская область,Заречье,1000,
деревня,Минская область,Загорье,100,
деревня,Минская область,Ганцевичи,866,
деревня,Брестская область,Зеленый Бор,864,
деревня,Брестская область,Мир,2339,
город,Минская область,Вилейка,26831,2016
деревня,Витебская область,Вилейка,200,
деревня,Брестская область,Заболотье,200,
деревня,Гомельская область,Мышанка,1691,2018
деревня,Минская область,Аннополь,200,
городской поселок,Гродненская область,Обухово,1962,2010
деревня,Витебская область,Обухово,200,
городской поселок,Минская область,Крайск,354,2009
деревня,Витебская область,Хайсы,530,
деревня,Минская область,Старые Новоселки,500,
деревня,Минская область,Городище,700,
деревня,Минская область,Чачково,1047,
деревня,Минская область,Лапоровичи,220,
деревня,Витебская область,Кировская,200,
деревня,Витебская область,Антоновка,500,
городской поселок,Минская область,Заостровечье,1938,2009
деревня,Брестская область,Великорита,348,2009
городской поселок,Минская область,Греск,1700,
городской поселок,Минская область,Снов,2626,2012
деревня,Гродненская область,Горани,35,1999
деревня,Минская область,Горани,128,
деревня,Гомельская область,Приднепровский,736,2004
городской поселок,Минская область,Слобода,2452,
городской поселок,Гомельская область,Новая Гута,2160,2019
городской поселок,Минская область,Березинское,1645,
деревня,Брестская область,Вельямовичи,496,2009
деревня,Могилевская область,Туголица,1270,2010
деревня,Минская область,Привольный,2000,
деревня,Минская область,Гребенка,22,
городской поселок,Брестская область,Хотислав,988,2009
деревня,Минская область,Большая Ухолода,1302,
деревня,Минская область,Новоколосово,1000,
городской поселок,Брестская область,Вистычи,697,2009
городской поселок,Брестская область,Черни,2685,2009
городской поселок,Минская область,Гостиловичи,523,2009
городской поселок,Витебская область,Лужесно,1850,2010
деревня,Гомельская область,Околица,75,2004
деревня,Минская область,Околица,100,
городской поселок,Минская область,Бояры,360,2009
городской поселок,Минская область,Раков,2155,2008
городской поселок,Минская область,Новогородейский,781,
деревня,Минская область,Хатежино,1810,2011
деревня,Минская область,Валерьяново,1741,2009
деревня,Брестская область,Малые Радваничи,500,
деревня,Минская область,Августово,406,
деревня,Минская область,Красное,2916,2011
деревня,Гомельская область,Красное,3788,2004
городской поселок,Минская область,Петришки,2005,
деревня,Минская область,Гатовичи,134,
деревня,Минская область,Скирмантово,617,
деревня,Брестская область,Тельмы-1,2000,
городской поселок,Брестская область,Страдечь,1579,2009
городской поселок,Брестская область,Знаменка,1324,2009
городской поселок,Минская область,Зазерье,905,
деревня,Минская область,Прилепы,476,
городской поселок,Минская область,Октябрьский,2591,
городской поселок,Минская область,Озерный,500,
деревня,Минская область,Комсомолец,368,
деревня,Минская область,Волма,297,
городской поселок,Минская область,Луговая Слобода,1352,2010
деревня,Брестская область,Ковердяки,500,
городской поселок,Могилевская область,Вейно,3191,2016
деревня,Минская область,Пекалин,659,
деревня,Гродненская область,Дитва,500,
деревня,Минская область,Присынок,268,
городской поселок,Минская область,Атолино,1418,
деревня,Брестская область,Жемчужный,1000,
городской поселок,Минская область,Новоселье,1231,
городской поселок,Минская область,Заболотье,704,
деревня,Минская область,Новые Зеленки,500,
деревня,Минская область,Лесковка,3544,2018
деревня,Гродненская область,Новая Гожа,822,2010
деревня,Минская область,Крылово,7,
деревня,Минская область,Тюрли,957,
деревня,Минская область,Дачный,500,
деревня,Витебская область,Октябрьская,500,
деревня,Минская область,Рудня,386,
деревня,Минская область,Вязынка,341,2010
деревня,Брестская область,Большие Радваничи,436,2009
деревня,Минская область,Дуличи,194,
городской поселок,Брестская область,Чернавчицы,2453,2009
городской поселок,Минская область,Олехновичи,1747,2013
деревня,Брестская область,Скоки,945,2009
городской поселок,Минская область,Семково,1500,
городской поселок,Минская область,Юбилейный,3181,
деревня,Минская область,Раубичи,266,
деревня,Минская область,ЭНЕРГЕТИК-ПЛЮС,2816,
городской поселок,Минская область,Острошицкий Городок,2302,2010
деревня,Брестская область,Брестский р-н п.Берестье,500,
деревня,Минская область,Сухорукие,829,
деревня,Гомельская область,Романовичи,1510,2004
городской поселок,Могилевская область,Романовичи,1306,2009
деревня,Брестская область,Тюхиничи,482,2009
городской поселок,Могилевская область,Трилесино,1247,2009
деревня,Минская область,Корсаковичи,275,
городской поселок,Гродненская область,Можейково,629,2009
деревня,Минская область,Мыслевичи,266,
городской поселок,Витебская область,Пальминка,1396,2009
деревня,Брестская область,Гусак,500,
городской поселок,Брестская область,Томашовка,1131,2009
деревня,Минская область,Раевка,624,
деревня,Гродненская область,Дубно,500,
деревня,Минская область,Острошицы,519,
городской поселок,Минская область,Синявка,1404,
деревня,Брестская область,Приозерная,500,
деревня,Минская область,Шашки,500,
деревня,Гродненская область,Копти,28,2009
деревня,Витебская область,Копти,500,
деревня,Гродненская область,Большие Эйсмонты,100,
городской поселок,Брестская область,Турна Большая,575,
деревня,Минская область,Гричино,580,
деревня,Гродненская область,Мижевичи,200,
деревня,Минская область,Бродок,262,
деревня,Гомельская область,Медков,1052,2004
городской поселок,Минская область,Илья,1458,
городской поселок,Гомельская область,Ченки,4500,2014
деревня,Минская область,Озеричино,247,
деревня,Минская область,Шикотовичи,178,
деревня,Брестская область,Галево,500,
деревня,Минская область,Сосновый Бор,127,
город,Брестская область,Высокое,5164,2016
деревня,Витебская область,Высокое,500,
деревня,Минская область,Гиревичи,500,
деревня,Гродненская область,Минойты,500,
деревня,Брестская область,Видомля,500,
городской поселок,Брестская область,Озяты,591,2009
деревня,Гомельская область,Лукский,1626,2004
городской поселок,Минская область,Замосточье,2500,
деревня,Минская область,Кончаны,216,
деревня,Минская область,Мгле,224,
деревня,Минская область,Новый Свержень,2086,2009
городской поселок,Минская область,Доры,508,2010
городской поселок,Минская область,Засковичи,682,
деревня,Минская область,Габриелевка,835,
городской поселок,Минская область,Лебедево,1047,2009
городской поселок,Гродненская область,Вертелишки,3250,2015
городской поселок,Минская область,Дубровка,813,
деревня,Витебская область,Дачная,500,
городской поселок,Брестская область,Пески,1946,2009
деревня,Минская область,Заямное,63,
деревня,Минская область,Пережир,457,
деревня,Минская область,Первомайск,447,2009
деревня,Минская область,Усяжа,378,
городской поселок,Могилевская область,Буйничи,1538,2007
городской поселок,Гродненская область,Еремичи,287,2009
деревня,Брестская область,Еремичи,629,2016
городской поселок,Гродненская область,Ворняны,1341,2014
деревня,Брестская область,Костычи,52,2009
деревня,Брестская область,Вычулки,500,
деревня,Минская область,Плебанцы,230,
городской поселок,Брестская область,Столовичи,639,
деревня,Брестская область,Магдалин,757,2016
городской поселок,Минская область,Крупица,1101,
деревня,Гомельская область,Огородня Гомельская,98,2004
городской поселок,Витебская область,Межево,888,2009
деревня,Гродненская область,Скрибовцы,500,
деревня,Минская область,Новый Путь,500,
деревня,Гомельская область,Червоное,1490,2004
городской поселок,Гродненская область,Залесье,958,2009
городской поселок,Минская область,Сырмеж,120,1997
деревня,Гродненская область,Дулевцы,238,2015
деревня,Минская область,Чуриловичи,873,
городской поселок,Минская область,Задорье,276,
деревня,Витебская область,Новое Село,100,
деревня,Минская область,Юхновка,800,2015
деревня,Гомельская область,Дуяновка,533,2004
городской поселок,Брестская область,Остромечево,1886,2009
городской поселок,Брестская область,Стригинь,695,2009
деревня,Гродненская область,Невда,500,
городской поселок,Минская область,Велятичи,1388,2008
городской поселок,Гродненская область,Путришки,500,
деревня,Брестская область,Почапово,212,2009
городской поселок,Витебская область,Прозороки,452,2007
городской поселок,Гродненская область,Каменка,525,2009
деревня,Витебская область,Шуневцы,500,
деревня,Гомельская область,Кольно,773,2004
городской поселок,Брестская область,Лука,593,2016
деревня,Гродненская область,Рожанка,2280,2001
городской поселок,Минская область,Вишневка,1034,2010
деревня,Могилевская область,Вишневка,358,2009
деревня,Брестская область,Бытень,2815,2011
деревня,Гродненская область,Берестовица,500,
городской поселок,Брестская область,Дмитровичи,588,2009
деревня,Минская область,Тимковичи,1241,2018
деревня,Минская область,Рассвет,500,
деревня,Минская область,Крыжовка,168,2010
деревня,Минская область,Любковщина,500,
деревня,Минская область,Щербины,62,
деревня,Минская область,Озеро,7,
деревня,Минская область,Гарбузы,332,
городской поселок,Могилевская область,Кадино,1753,2006
городской поселок,Брестская область,Беловежский,2480,2019
,Минская область,Деревня,100,
деревня,Гродненская область,Житомля,200,
городской поселок,Минская область,Даниловичи,387,
деревня,Минская область,Тарасово,1345,2010
деревня,Минская область,Старое Село,658,2010
деревня,Минская область,Зацень,162,
деревня,Гродненская область,Квасовка,200,
деревня,Гродненская область,Ёдки,520,
деревня,Минская область,Маческ,200,
деревня,Минская область,Малые Нестановичи,246,
городской поселок,Минская область,Людвиново,832,
городской поселок,Брестская область,Малеч,1754,2009
деревня,Гомельская область,Борщовка,724,2004
деревня,Минская область,Жабичи,25,
деревня,Минская область,Кухтичи,447,2009
деревня,Гомельская область,Люденевичи,1020,2004
деревня,Могилевская область,Сосновый,200,
деревня,Брестская область,Кореневщина,189,2009
деревня,Минская область,Щитомиричи,371,
деревня,Гомельская область,Дуброва,587,2004
деревня,Могилевская область,Дуброва,200,
,Минская область,Дуброва,200,
городской поселок,Минская область,Ударный,878,
деревня,Витебская область,Витьба,200,
городской поселок,Брестская область,Каменюки,601,2005
деревня,Минская область,Каменная Горка,83,2010
деревня,Витебская область,Прудники,500,
деревня,Минская область,Каролина,253,
городской поселок,Минская область,Сенница,6424,2011
городской поселок,Минская область,Метличицы,557,
деревня,Витебская область,Мурашки,500,
деревня,Брестская область,Новые Засимовичи,500,
город,Минская область,Щомыслица,54000,
деревня,Витебская область,Добромысли,250,
деревня,Гомельская область,Турсковый,227,2004
деревня,Брестская область,Леплевка,426,2009
городской поселок,Могилевская область,Жиличи,1131,2009
деревня,Могилевская область,Голынец,500,
